number of versions,adaptive,preset
2,0.008691,0.005657
3,0.011584,0.006212
4,0.012433,0.008253
5,0.37746,0.054823
6,0.44184,1.251617
