family,product,number of versions
0.017608,0.022738,6
0.019396,0.019634,6
0.019671,0.024801,7
0.01914,0.02425,7
0.02436,0.027362,8
0.026405,0.02745,8
0.024126,0.031867,9
0.024852,0.031543,9
0.034367,0.030966,10
0.028063,0.031405,10
0.054579,0.03892,11
0.058722,0.038984,11
0.066841,0.044944,12
0.062864,0.03854,12
0.069502,0.045964,13
0.077132,0.044795,13
0.083791,0.044847,14
0.07786,0.048034,14
0.071456,0.053627,15
0.077342,0.053288,15
